{
  "tasks": [
    {
      "id": 3,
      "label": "Use UTC date 4",
      "description": "Use UTC conversion for dates",
      "category": "bureaucracy",
      "done": "18-01-2023"
    },
    {
      "id": 4,
      "label": "Db updates",
      "description": "Update the database to contain categories independently and get them",
      "category": "bureaucracy",
      "done": false
    },
    {
      "id": 5,
      "label": "Read service method returns",
      "description": "Read the last todo value from service call",
      "category": "bureaucracy",
      "done": false
    },
    {
      "id": 6,
      "label": "Date manipulations",
      "description": "Use current culture for date formatting",
      "category": "bureaucracy",
      "done": false
    },
    {
      "id": 7,
      "label": "CSS manipulations",
      "description": "Define colors file and use from there",
      "category": "bureaucracy",
      "done": false
    },
    {
      "id": 12,
      "label": "TODO priority",
      "description": "Order by priority and others",
      "category": "house",
      "done": false
    },
    {
      "id": 14,
      "label": "Add language support",
      "description": "Translations (at least for EN, FR)",
      "category": "bureaucracy",
      "done": false
    },
    {
      "id": 15,
      "label": "Add special/important todo",
      "description": "Ability to set todo as important",
      "category": "house",
      "done": false
    },
    {
      "id": 12,
      "label": "TODO priority",
      "description": "Order by priority and others",
      "category": "house",
      "done": false
    },
    {
      "id": 13,
      "label": "Upgrade Angular",
      "description": "From 12 to 15",
      "category": "house",
      "done": false
    },
    {
      "id": 14,
      "label": "Add language support",
      "description": "Translations (at least for EN, FR)",
      "category": "bureaucracy",
      "done": false
    }
  ]
}